user_id,product_id,action_type,timestamp
1,92,like,2024-06-10 08:54:43.644060+00:00
1,84,view,2024-06-10 08:54:43.692061+00:00
5,86,like,2024-06-10 08:54:43.719060+00:00
2,80,bid,2024-06-10 08:54:43.737066+00:00
5,91,view,2024-06-10 08:54:43.764560+00:00
2,92,like,2024-06-10 08:54:43.787060+00:00
3,80,bid,2024-06-10 08:54:43.818059+00:00
2,91,like,2024-06-10 08:54:43.839560+00:00
3,85,view,2024-06-10 08:54:43.863560+00:00
5,85,like,2024-06-10 08:54:43.890060+00:00
18,79,like,2024-06-10 08:54:43.919058+00:00
5,84,view,2024-06-10 08:54:43.953066+00:00
27,89,like,2024-06-10 08:54:43.970058+00:00
18,87,view,2024-06-10 08:54:43.990558+00:00
3,93,bid,2024-06-10 08:54:44.014069+00:00
5,86,bid,2024-06-10 08:54:44.039059+00:00
18,90,like,2024-06-10 08:54:44.061558+00:00
2,87,like,2024-06-10 08:54:44.079058+00:00
27,87,like,2024-06-10 08:54:44.108059+00:00
18,86,view,2024-06-10 08:54:44.127558+00:00
1,91,like,2024-06-10 08:54:44.145558+00:00
1,86,like,2024-06-10 08:54:44.163058+00:00
27,90,view,2024-06-10 08:54:44.187558+00:00
5,88,view,2024-06-10 08:54:44.217557+00:00
27,86,view,2024-06-10 08:54:44.237558+00:00
7,81,view,2024-06-10 08:54:44.264557+00:00
7,87,view,2024-06-10 08:54:44.291558+00:00
7,93,like,2024-06-10 08:54:44.319558+00:00
2,81,bid,2024-06-10 08:54:44.339058+00:00
3,94,view,2024-06-10 08:54:44.363058+00:00
2,81,like,2024-06-10 08:54:44.380057+00:00
5,81,view,2024-06-10 08:54:44.398058+00:00
7,88,like,2024-06-10 08:54:44.423557+00:00
7,90,view,2024-06-10 08:54:44.445058+00:00
5,89,view,2024-06-10 08:54:44.464057+00:00
5,81,view,2024-06-10 08:54:44.479057+00:00
1,91,bid,2024-06-10 08:54:44.500057+00:00
18,90,view,2024-06-10 08:54:44.523556+00:00
18,85,view,2024-06-10 08:54:44.983555+00:00
27,94,view,2024-06-10 08:54:45.003554+00:00
2,83,like,2024-06-10 08:54:45.020056+00:00
1,83,like,2024-06-10 08:54:45.047054+00:00
18,79,view,2024-06-10 08:54:45.076054+00:00
1,87,like,2024-06-10 08:54:45.099054+00:00
27,83,view,2024-06-10 08:54:45.121053+00:00
1,91,bid,2024-06-10 08:54:45.147054+00:00
1,86,bid,2024-06-10 08:54:45.175054+00:00
1,86,view,2024-06-10 08:54:45.196052+00:00
7,86,like,2024-06-10 08:54:45.223056+00:00
27,83,like,2024-06-10 08:54:45.245054+00:00
5,82,like,2024-06-10 08:54:45.269054+00:00
18,85,like,2024-06-10 08:54:45.287553+00:00
5,88,bid,2024-06-10 08:54:45.313553+00:00
5,92,view,2024-06-10 08:54:45.337053+00:00
7,91,like,2024-06-10 08:54:45.354552+00:00
27,83,like,2024-06-10 08:54:45.381553+00:00
18,79,like,2024-06-10 08:54:45.401553+00:00
1,83,bid,2024-06-10 08:54:45.418553+00:00
27,88,like,2024-06-10 08:54:45.439552+00:00
18,87,view,2024-06-10 08:54:45.459553+00:00
7,91,view,2024-06-10 08:54:45.481552+00:00
27,85,view,2024-06-10 08:54:45.506051+00:00
1,94,bid,2024-06-10 08:54:45.532052+00:00
27,85,view,2024-06-10 08:54:45.555052+00:00
3,83,view,2024-06-10 08:54:45.579552+00:00
1,89,bid,2024-06-10 08:54:45.603552+00:00
18,94,bid,2024-06-10 08:54:45.622052+00:00
3,81,like,2024-06-10 08:54:45.649051+00:00
5,83,bid,2024-06-10 08:54:45.667558+00:00
3,79,view,2024-06-10 08:54:45.687559+00:00
3,80,view,2024-06-10 08:54:45.705558+00:00
1,84,view,2024-06-10 08:54:45.732051+00:00
2,86,bid,2024-06-10 08:54:45.752551+00:00
27,89,view,2024-06-10 08:54:45.771559+00:00
7,89,view,2024-06-10 08:54:45.795568+00:00
5,94,bid,2024-06-10 08:54:45.811557+00:00
27,87,like,2024-06-10 08:54:45.828551+00:00
18,92,view,2024-06-10 08:54:45.846050+00:00
27,85,like,2024-06-10 08:54:45.871058+00:00
5,79,like,2024-06-10 08:54:45.896057+00:00
1,91,like,2024-06-10 08:54:45.913557+00:00
27,85,view,2024-06-10 08:54:45.939551+00:00
1,84,bid,2024-06-10 08:54:45.961550+00:00
1,87,like,2024-06-10 08:54:45.984056+00:00
27,86,view,2024-06-10 08:54:46.003551+00:00
27,82,view,2024-06-10 08:54:46.021550+00:00
7,85,bid,2024-06-10 08:54:46.044049+00:00
5,80,bid,2024-06-10 08:54:46.065549+00:00
7,81,view,2024-06-10 08:54:46.087549+00:00
5,90,bid,2024-06-10 08:54:46.112548+00:00
2,90,view,2024-06-10 08:54:46.136047+00:00
27,87,view,2024-06-10 08:54:46.374047+00:00
18,85,bid,2024-06-10 08:54:46.401547+00:00
1,85,bid,2024-06-10 08:54:46.419547+00:00
7,85,view,2024-06-10 08:54:46.448047+00:00
2,80,view,2024-06-10 08:54:46.472547+00:00
18,85,bid,2024-06-10 08:54:46.499547+00:00
2,90,view,2024-06-10 08:54:46.524047+00:00
7,87,like,2024-06-10 08:54:46.556046+00:00
7,87,like,2024-06-10 08:54:46.579054+00:00
27,94,view,2024-06-10 08:54:46.604057+00:00
18,83,view,2024-06-10 08:54:46.626046+00:00
1,84,bid,2024-06-10 08:54:46.644056+00:00
1,90,view,2024-06-10 08:54:46.669553+00:00
3,80,bid,2024-06-10 08:54:46.689077+00:00
27,79,view,2024-06-10 08:54:46.710553+00:00
18,80,like,2024-06-10 08:54:46.733046+00:00
2,82,bid,2024-06-10 08:54:46.751546+00:00
1,79,like,2024-06-10 08:54:46.778046+00:00
7,93,like,2024-06-10 08:54:47.023576+00:00
3,92,bid,2024-06-10 08:54:47.054546+00:00
5,88,bid,2024-06-10 08:54:47.094047+00:00
2,90,bid,2024-06-10 08:54:47.111044+00:00
18,88,like,2024-06-10 08:54:47.135543+00:00
7,88,like,2024-06-10 08:54:47.158044+00:00
7,93,bid,2024-06-10 08:54:47.187544+00:00
1,80,bid,2024-06-10 08:54:47.214044+00:00
27,89,view,2024-06-10 08:54:47.232044+00:00
5,80,bid,2024-06-10 08:54:47.255543+00:00
1,82,view,2024-06-10 08:54:47.291542+00:00
3,85,bid,2024-06-10 08:54:47.323074+00:00
5,87,like,2024-06-10 08:54:47.354574+00:00
2,85,like,2024-06-10 08:54:47.378084+00:00
3,90,like,2024-06-10 08:54:47.401043+00:00
1,80,like,2024-06-10 08:54:47.418043+00:00
1,86,view,2024-06-10 08:54:47.446043+00:00
3,90,bid,2024-06-10 08:54:47.467542+00:00
7,90,view,2024-06-10 08:54:47.483543+00:00
2,86,bid,2024-06-10 08:54:47.519043+00:00
5,94,like,2024-06-10 08:54:47.552060+00:00
3,93,bid,2024-06-10 08:54:47.577541+00:00
1,88,view,2024-06-10 08:54:47.601545+00:00
3,80,like,2024-06-10 08:54:47.621541+00:00
5,94,like,2024-06-10 08:54:47.645542+00:00
2,82,like,2024-06-10 08:54:47.669541+00:00
27,83,like,2024-06-10 08:54:47.695542+00:00
7,88,view,2024-06-10 08:54:47.719541+00:00
27,85,view,2024-06-10 08:54:47.743540+00:00
5,79,bid,2024-06-10 08:54:47.827548+00:00
27,81,view,2024-06-10 08:54:47.843542+00:00
3,86,view,2024-06-10 08:54:47.874041+00:00
7,94,view,2024-06-10 08:54:47.893047+00:00
7,81,like,2024-06-10 08:54:47.920541+00:00
3,80,view,2024-06-10 08:54:47.952041+00:00
18,83,bid,2024-06-10 08:54:47.967540+00:00
18,90,like,2024-06-10 08:54:47.997540+00:00
27,83,view,2024-06-10 08:54:48.029042+00:00
7,82,bid,2024-06-10 08:54:48.060040+00:00
18,83,bid,2024-06-10 08:54:48.081539+00:00
27,89,view,2024-06-10 08:54:48.103540+00:00
1,86,view,2024-06-10 08:54:48.126540+00:00
1,83,view,2024-06-10 08:54:48.152039+00:00
18,87,like,2024-06-10 08:54:48.178039+00:00
1,79,bid,2024-06-10 08:54:48.200540+00:00
18,87,like,2024-06-10 08:54:48.217540+00:00
18,82,view,2024-06-10 08:54:48.236039+00:00
3,88,bid,2024-06-10 08:54:48.260039+00:00
5,84,bid,2024-06-10 08:54:48.290538+00:00
5,85,view,2024-06-10 08:54:48.310039+00:00
5,84,view,2024-06-10 08:54:48.325039+00:00
5,82,view,2024-06-10 08:54:48.343538+00:00
1,79,bid,2024-06-10 08:54:48.362539+00:00
18,85,view,2024-06-10 08:54:48.385539+00:00
3,92,bid,2024-06-10 08:54:48.406538+00:00
5,89,like,2024-06-10 08:54:48.425538+00:00
5,94,like,2024-06-10 08:54:48.443537+00:00
2,86,view,2024-06-10 08:54:48.463538+00:00
18,82,bid,2024-06-10 08:54:48.493538+00:00
2,90,bid,2024-06-10 08:54:48.510038+00:00
7,90,view,2024-06-10 08:54:48.529538+00:00
18,83,like,2024-06-10 08:54:48.549036+00:00
5,88,view,2024-06-10 08:54:48.567537+00:00
1,84,like,2024-06-10 08:54:48.593537+00:00
2,80,view,2024-06-10 08:54:48.622036+00:00
18,81,bid,2024-06-10 08:54:48.641536+00:00
3,94,view,2024-06-10 08:54:48.659036+00:00
2,88,like,2024-06-10 08:54:48.700035+00:00
3,94,view,2024-06-10 08:54:48.735543+00:00
27,89,view,2024-06-10 08:54:48.764044+00:00
27,90,like,2024-06-10 08:54:48.783543+00:00
3,84,bid,2024-06-10 08:54:48.801536+00:00
3,83,bid,2024-06-10 08:54:48.827535+00:00
27,88,like,2024-06-10 08:54:48.852036+00:00
27,79,view,2024-06-10 08:54:48.875536+00:00
5,81,view,2024-06-10 08:54:48.896035+00:00
2,94,like,2024-06-10 08:54:48.919535+00:00
7,94,like,2024-06-10 08:54:48.941534+00:00
18,92,bid,2024-06-10 08:54:48.984542+00:00
27,87,like,2024-06-10 08:54:49.007534+00:00
18,90,bid,2024-06-10 08:54:49.025571+00:00
1,94,bid,2024-06-10 08:54:49.043542+00:00
3,91,bid,2024-06-10 08:54:49.067542+00:00
1,87,view,2024-06-10 08:54:49.091542+00:00
7,89,bid,2024-06-10 08:54:49.111534+00:00
7,80,like,2024-06-10 08:54:49.138034+00:00
7,93,bid,2024-06-10 08:54:49.161534+00:00
2,93,view,2024-06-10 08:54:49.185534+00:00
1,86,like,2024-06-10 08:54:49.209534+00:00
3,85,view,2024-06-10 08:54:49.229534+00:00
1,93,bid,2024-06-10 08:54:49.254034+00:00
27,94,like,2024-06-10 08:54:49.277534+00:00
7,90,like,2024-06-10 08:54:49.304033+00:00
5,88,like,2024-06-10 08:54:49.326033+00:00
5,86,like,2024-06-10 08:54:49.341534+00:00
3,84,view,2024-06-10 08:54:49.362034+00:00
2,79,like,2024-06-10 08:54:49.387533+00:00
7,80,bid,2024-06-10 08:54:49.411064+00:00
18,87,bid,2024-06-10 08:54:49.436032+00:00
18,91,like,2024-06-10 08:54:49.462040+00:00
1,88,bid,2024-06-10 08:54:49.483562+00:00
27,86,view,2024-06-10 08:54:49.501534+00:00
18,82,bid,2024-06-10 08:54:49.527532+00:00
27,86,bid,2024-06-10 08:54:49.551533+00:00
27,84,like,2024-06-10 08:54:49.575384+00:00
2,86,like,2024-06-10 08:54:49.607876+00:00
7,91,view,2024-06-10 08:54:49.627384+00:00
5,87,bid,2024-06-10 08:54:49.655376+00:00
5,94,bid,2024-06-10 08:54:49.675375+00:00
2,89,bid,2024-06-10 08:54:49.699376+00:00
7,83,bid,2024-06-10 08:54:49.717380+00:00
7,84,like,2024-06-10 08:54:49.745376+00:00
5,79,view,2024-06-10 08:54:49.769875+00:00
1,92,like,2024-06-10 08:54:49.791375+00:00
18,83,like,2024-06-10 08:54:49.815374+00:00
27,89,view,2024-06-10 08:54:49.838376+00:00
5,79,view,2024-06-10 08:54:49.869876+00:00
7,88,view,2024-06-10 08:54:49.894375+00:00
7,86,like,2024-06-10 08:54:49.915375+00:00
18,92,view,2024-06-10 08:54:49.935375+00:00
2,90,bid,2024-06-10 08:54:49.960375+00:00
27,83,like,2024-06-10 08:54:49.983374+00:00
5,79,like,2024-06-10 08:54:50.010873+00:00
1,81,bid,2024-06-10 08:54:50.035874+00:00
2,81,bid,2024-06-10 08:54:50.059874+00:00
3,94,bid,2024-06-10 08:54:50.082873+00:00
5,80,view,2024-06-10 08:54:50.101374+00:00
18,92,view,2024-06-10 08:54:50.127874+00:00
3,83,bid,2024-06-10 08:54:50.149374+00:00
1,90,view,2024-06-10 08:54:50.167373+00:00
7,93,like,2024-06-10 08:54:50.195373+00:00
27,93,bid,2024-06-10 08:54:50.219873+00:00
3,80,bid,2024-06-10 08:54:50.243373+00:00
18,79,view,2024-06-10 08:54:50.284873+00:00
2,81,like,2024-06-10 08:54:50.312873+00:00
5,83,view,2024-06-10 08:54:50.333872+00:00
2,91,view,2024-06-10 08:54:50.352372+00:00
3,91,like,2024-06-10 08:54:50.376372+00:00
1,87,like,2024-06-10 08:54:50.403871+00:00
2,92,view,2024-06-10 08:54:50.427371+00:00
27,94,view,2024-06-10 08:54:50.447372+00:00
5,83,bid,2024-06-10 08:54:50.465904+00:00
1,94,view,2024-06-10 08:54:50.485404+00:00
5,82,view,2024-06-10 08:54:50.507372+00:00
3,83,like,2024-06-10 08:54:50.525379+00:00
27,91,view,2024-06-10 08:54:50.551408+00:00
7,88,view,2024-06-10 08:54:50.578379+00:00
2,85,view,2024-06-10 08:54:50.601871+00:00
27,82,view,2024-06-10 08:54:50.630094+00:00
1,91,view,2024-06-10 08:54:50.652094+00:00
27,82,bid,2024-06-10 08:54:50.677651+00:00
27,91,view,2024-06-10 08:54:50.698790+00:00
3,84,bid,2024-06-10 08:54:50.716867+00:00
2,93,view,2024-06-10 08:54:50.732187+00:00
3,87,view,2024-06-10 08:54:50.752649+00:00
27,92,like,2024-06-10 08:54:50.776400+00:00
27,87,bid,2024-06-10 08:54:50.803113+00:00
5,85,view,2024-06-10 08:54:50.837596+00:00
2,89,bid,2024-06-10 08:54:50.859487+00:00
3,85,like,2024-06-10 08:54:50.887341+00:00
18,89,view,2024-06-10 08:54:50.912432+00:00
18,88,bid,2024-06-10 08:54:50.941774+00:00
3,82,like,2024-06-10 08:54:50.966126+00:00
5,83,like,2024-06-10 08:54:50.985224+00:00
7,91,view,2024-06-10 08:54:51.008289+00:00
18,89,view,2024-06-10 08:54:51.035711+00:00
1,84,view,2024-06-10 08:54:51.056209+00:00
1,90,like,2024-06-10 08:54:51.074933+00:00
18,82,view,2024-06-10 08:54:51.099965+00:00
18,87,like,2024-06-10 08:54:51.117929+00:00
2,87,view,2024-06-10 08:54:51.154929+00:00
2,90,like,2024-06-10 08:54:51.183964+00:00
3,81,like,2024-06-10 08:54:51.214429+00:00
5,92,view,2024-06-10 08:54:51.235429+00:00
18,94,like,2024-06-10 08:54:51.263428+00:00
3,81,view,2024-06-10 08:54:51.294931+00:00
1,80,view,2024-06-10 08:54:51.315460+00:00
5,87,like,2024-06-10 08:54:51.333961+00:00
1,94,like,2024-06-10 08:54:51.361960+00:00
3,94,like,2024-06-10 08:54:51.402960+00:00
2,89,view,2024-06-10 08:54:51.429428+00:00
1,90,view,2024-06-10 08:54:51.449534+00:00
5,93,bid,2024-06-10 08:54:51.478033+00:00
2,91,view,2024-06-10 08:54:51.511058+00:00
27,81,view,2024-06-10 08:54:51.531058+00:00
5,87,like,2024-06-10 08:54:51.549533+00:00
3,79,like,2024-06-10 08:54:51.588557+00:00
7,86,view,2024-06-10 08:54:51.608033+00:00
7,86,bid,2024-06-10 08:54:51.625532+00:00
7,89,view,2024-06-10 08:54:51.652026+00:00
1,94,bid,2024-06-10 08:54:51.675539+00:00
2,83,view,2024-06-10 08:54:51.712560+00:00
5,84,like,2024-06-10 08:54:51.735216+00:00
7,90,like,2024-06-10 08:54:51.763131+00:00
1,88,like,2024-06-10 08:54:51.785593+00:00
1,90,view,2024-06-10 08:54:51.809880+00:00
2,80,like,2024-06-10 08:54:51.834499+00:00
1,92,view,2024-06-10 08:54:51.859980+00:00
18,94,bid,2024-06-10 08:54:51.885979+00:00
18,91,bid,2024-06-10 08:54:51.913479+00:00
2,92,view,2024-06-10 08:54:51.939473+00:00
18,84,like,2024-06-10 08:54:51.957480+00:00
3,86,view,2024-06-10 08:54:51.983480+00:00
7,87,like,2024-06-10 08:54:52.007972+00:00
18,92,bid,2024-06-10 08:54:52.033479+00:00
1,85,view,2024-06-10 08:54:52.055972+00:00
1,92,view,2024-06-10 08:54:52.074472+00:00
5,88,view,2024-06-10 08:54:52.321673+00:00
3,87,view,2024-06-10 08:54:52.347875+00:00
2,84,like,2024-06-10 08:54:52.370133+00:00
1,85,view,2024-06-10 08:54:52.391471+00:00
5,88,bid,2024-06-10 08:54:52.420229+00:00
18,80,like,2024-06-10 08:54:52.440148+00:00
3,88,bid,2024-06-10 08:54:52.457474+00:00
3,93,bid,2024-06-10 08:54:52.483068+00:00
3,89,like,2024-06-10 08:54:52.509395+00:00
2,91,view,2024-06-10 08:54:52.538218+00:00
18,79,bid,2024-06-10 08:54:52.559860+00:00
5,94,like,2024-06-10 08:54:52.584192+00:00
3,85,view,2024-06-10 08:54:52.608483+00:00
3,83,view,2024-06-10 08:54:52.631474+00:00
18,82,view,2024-06-10 08:54:52.651865+00:00
7,89,view,2024-06-10 08:54:52.671543+00:00
2,91,bid,2024-06-10 08:54:52.691850+00:00
1,86,view,2024-06-10 08:54:52.716223+00:00
2,92,bid,2024-06-10 08:54:52.743446+00:00
27,84,view,2024-06-10 08:54:52.765946+00:00
1,83,view,2024-06-10 08:54:52.787415+00:00
3,86,bid,2024-06-10 08:54:52.807415+00:00
7,93,bid,2024-06-10 08:54:52.833915+00:00
2,90,view,2024-06-10 08:54:52.857915+00:00
1,79,like,2024-06-10 08:54:52.886421+00:00
5,86,bid,2024-06-10 08:54:52.914950+00:00
1,82,view,2024-06-10 08:54:52.939414+00:00
2,79,view,2024-06-10 08:54:52.955447+00:00
1,93,like,2024-06-10 08:54:52.975949+00:00
27,94,like,2024-06-10 08:54:52.999414+00:00
2,93,view,2024-06-10 08:54:53.023447+00:00
27,93,view,2024-06-10 08:54:53.041914+00:00
27,83,view,2024-06-10 08:54:53.067914+00:00
7,86,bid,2024-06-10 08:54:53.088423+00:00
27,86,view,2024-06-10 08:54:53.109944+00:00
3,93,like,2024-06-10 08:54:53.129413+00:00
2,93,bid,2024-06-10 08:54:53.149945+00:00
2,91,view,2024-06-10 08:54:53.172413+00:00
1,89,bid,2024-06-10 08:54:53.197413+00:00
27,87,view,2024-06-10 08:54:53.237448+00:00
27,92,like,2024-06-10 08:54:53.255944+00:00
3,79,bid,2024-06-10 08:54:53.274413+00:00
27,91,bid,2024-06-10 08:54:53.301446+00:00
1,82,bid,2024-06-10 08:54:53.323443+00:00
2,79,like,2024-06-10 08:54:53.347660+00:00
3,84,bid,2024-06-10 08:54:53.376211+00:00
2,93,bid,2024-06-10 08:54:53.398312+00:00
2,86,view,2024-06-10 08:54:53.422527+00:00
2,80,bid,2024-06-10 08:54:53.448427+00:00
27,92,bid,2024-06-10 08:54:53.477502+00:00
1,91,bid,2024-06-10 08:54:53.500119+00:00
2,87,view,2024-06-10 08:54:53.521773+00:00
5,87,like,2024-06-10 08:54:53.539216+00:00
1,86,bid,2024-06-10 08:54:53.555459+00:00
3,83,like,2024-06-10 08:54:53.573450+00:00
3,81,bid,2024-06-10 08:54:53.591580+00:00
18,83,view,2024-06-10 08:54:53.614081+00:00
27,85,bid,2024-06-10 08:54:53.639659+00:00
7,79,like,2024-06-10 08:54:53.658000+00:00
7,89,like,2024-06-10 08:54:53.681250+00:00
27,86,like,2024-06-10 08:54:53.708425+00:00
7,94,like,2024-06-10 08:54:53.762724+00:00
2,80,view,2024-06-10 08:54:53.803502+00:00
7,82,view,2024-06-10 08:54:53.821655+00:00
3,94,like,2024-06-10 08:54:53.839645+00:00
7,90,like,2024-06-10 08:54:53.863876+00:00
1,79,like,2024-06-10 08:54:53.885535+00:00
5,93,bid,2024-06-10 08:54:53.903466+00:00
27,79,view,2024-06-10 08:54:53.923398+00:00
3,82,bid,2024-06-10 08:54:53.948066+00:00
1,82,view,2024-06-10 08:54:53.973347+00:00
1,88,like,2024-06-10 08:54:53.997530+00:00
7,80,like,2024-06-10 08:54:54.019175+00:00
18,80,bid,2024-06-10 08:54:54.037632+00:00
18,90,view,2024-06-10 08:54:54.057879+00:00
1,80,bid,2024-06-10 08:54:54.085830+00:00
3,91,like,2024-06-10 08:54:54.105160+00:00
7,84,like,2024-06-10 08:54:54.131651+00:00
27,83,bid,2024-06-10 08:54:54.158422+00:00
18,80,view,2024-06-10 08:54:54.179420+00:00
1,91,view,2024-06-10 08:54:54.197919+00:00
18,91,bid,2024-06-10 08:54:54.224084+00:00
3,84,like,2024-06-10 08:54:54.248662+00:00
7,82,like,2024-06-10 08:54:54.270262+00:00
27,88,view,2024-06-10 08:54:54.289240+00:00
27,89,like,2024-06-10 08:54:54.312241+00:00
7,89,like,2024-06-10 08:54:54.553763+00:00
5,85,like,2024-06-10 08:54:54.571728+00:00
27,93,like,2024-06-10 08:54:54.590728+00:00
3,87,bid,2024-06-10 08:54:54.615227+00:00
1,83,bid,2024-06-10 08:54:54.646726+00:00
2,79,view,2024-06-10 08:54:54.673726+00:00
27,93,view,2024-06-10 08:54:54.700759+00:00
7,88,like,2024-06-10 08:54:54.729227+00:00
1,86,view,2024-06-10 08:54:54.755728+00:00
7,94,bid,2024-06-10 08:54:54.779727+00:00
18,79,view,2024-06-10 08:54:54.807725+00:00
7,88,bid,2024-06-10 08:54:54.829760+00:00
5,91,view,2024-06-10 08:54:54.855759+00:00
1,91,like,2024-06-10 08:54:54.881734+00:00
27,92,like,2024-06-10 08:54:54.903723+00:00
5,79,view,2024-06-10 08:54:54.921765+00:00
1,79,view,2024-06-10 08:54:54.940110+00:00
27,88,bid,2024-06-10 08:54:54.972071+00:00
18,82,bid,2024-06-10 08:54:54.998302+00:00
5,91,bid,2024-06-10 08:54:55.022062+00:00
2,93,bid,2024-06-10 08:54:55.042565+00:00
27,92,view,2024-06-10 08:54:55.066250+00:00
3,93,like,2024-06-10 08:54:55.091747+00:00
5,81,like,2024-06-10 08:54:55.110225+00:00
27,85,bid,2024-06-10 08:54:55.140722+00:00
2,91,bid,2024-06-10 08:54:55.162223+00:00
27,79,like,2024-06-10 08:54:55.182221+00:00
27,91,bid,2024-06-10 08:54:55.208722+00:00
18,93,view,2024-06-10 08:54:55.236721+00:00
3,84,view,2024-06-10 08:54:55.255232+00:00
3,79,view,2024-06-10 08:54:55.273223+00:00
27,92,bid,2024-06-10 08:54:55.303221+00:00
1,90,bid,2024-06-10 08:54:55.323734+00:00
27,84,like,2024-06-10 08:54:55.357720+00:00
7,89,like,2024-06-10 08:54:55.381720+00:00
3,87,view,2024-06-10 08:54:55.407682+00:00
7,88,like,2024-06-10 08:54:55.431682+00:00
1,79,bid,2024-06-10 08:54:55.456182+00:00
18,83,view,2024-06-10 08:54:55.481681+00:00
1,87,like,2024-06-10 08:54:55.506182+00:00
27,85,like,2024-06-10 08:54:55.530183+00:00
7,93,view,2024-06-10 08:54:55.553681+00:00
27,88,view,2024-06-10 08:54:55.573680+00:00
3,82,view,2024-06-10 08:54:55.595681+00:00
5,93,bid,2024-06-10 08:54:55.613699+00:00
27,83,bid,2024-06-10 08:54:55.641185+00:00
18,83,bid,2024-06-10 08:54:55.667347+00:00
3,94,bid,2024-06-10 08:54:55.691109+00:00
18,92,like,2024-06-10 08:54:55.713746+00:00
18,84,view,2024-06-10 08:54:55.739647+00:00
7,82,like,2024-06-10 08:54:55.763089+00:00
3,93,view,2024-06-10 08:54:55.790520+00:00
18,85,bid,2024-06-10 08:54:55.816303+00:00
27,88,bid,2024-06-10 08:54:55.837040+00:00
27,94,bid,2024-06-10 08:54:55.855892+00:00
5,80,like,2024-06-10 08:54:55.877907+00:00
5,80,view,2024-06-10 08:54:55.895900+00:00
18,87,like,2024-06-10 08:54:55.913926+00:00
2,81,view,2024-06-10 08:54:55.943907+00:00
2,83,like,2024-06-10 08:54:55.965900+00:00
7,80,view,2024-06-10 08:54:55.985900+00:00
2,85,view,2024-06-10 08:54:56.007400+00:00
3,86,bid,2024-06-10 08:54:56.036407+00:00
3,84,view,2024-06-10 08:54:56.054900+00:00
7,94,like,2024-06-10 08:54:56.084899+00:00
7,79,like,2024-06-10 08:54:56.103399+00:00
7,91,like,2024-06-10 08:54:56.127398+00:00
3,84,bid,2024-06-10 08:54:56.147899+00:00
5,80,bid,2024-06-10 08:54:56.177430+00:00
18,81,bid,2024-06-10 08:54:56.197405+00:00
7,85,like,2024-06-10 08:54:56.219398+00:00
3,91,view,2024-06-10 08:54:56.238398+00:00
18,80,bid,2024-06-10 08:54:56.268398+00:00
7,87,bid,2024-06-10 08:54:56.301899+00:00
1,90,view,2024-06-10 08:54:56.321929+00:00
18,89,like,2024-06-10 08:54:56.347405+00:00
3,82,like,2024-06-10 08:54:56.378929+00:00
27,80,view,2024-06-10 08:54:56.407930+00:00
27,94,like,2024-06-10 08:54:56.431725+00:00
7,88,view,2024-06-10 08:54:56.451553+00:00
7,94,bid,2024-06-10 08:54:56.471485+00:00
27,82,bid,2024-06-10 08:54:56.495430+00:00
3,94,like,2024-06-10 08:54:56.514468+00:00
2,81,bid,2024-06-10 08:54:56.537633+00:00
5,81,view,2024-06-10 08:54:56.561464+00:00
3,93,view,2024-06-10 08:54:56.579118+00:00
3,88,view,2024-06-10 08:54:56.603402+00:00
2,88,bid,2024-06-10 08:54:56.627864+00:00
18,86,like,2024-06-10 08:54:56.647662+00:00
7,91,like,2024-06-10 08:54:56.670247+00:00
7,87,view,2024-06-10 08:54:56.695907+00:00
5,79,like,2024-06-10 08:54:56.721607+00:00
27,83,like,2024-06-10 08:54:56.745232+00:00
5,86,bid,2024-06-10 08:54:56.769235+00:00
7,86,view,2024-06-10 08:54:56.790827+00:00
2,80,like,2024-06-10 08:54:56.816065+00:00
7,89,like,2024-06-10 08:54:56.836035+00:00
2,83,like,2024-06-10 08:54:56.853962+00:00
5,80,like,2024-06-10 08:54:56.870844+00:00
18,94,view,2024-06-10 08:54:56.898202+00:00
3,81,like,2024-06-10 08:54:56.917554+00:00
5,80,like,2024-06-10 08:54:56.936010+00:00
18,93,view,2024-06-10 08:54:56.948019+00:00
2,92,bid,2024-06-10 08:54:56.971555+00:00
5,87,view,2024-06-10 08:54:56.985669+00:00
27,83,like,2024-06-10 08:54:57.003754+00:00
18,81,bid,2024-06-10 08:54:57.027963+00:00
1,82,bid,2024-06-10 08:54:57.043473+00:00
3,82,view,2024-06-10 08:54:57.062278+00:00
5,90,like,2024-06-10 08:54:57.086960+00:00
7,83,like,2024-06-10 08:54:57.115253+00:00
18,88,like,2024-06-10 08:54:57.143204+00:00
5,87,view,2024-06-10 08:54:57.163581+00:00
18,90,bid,2024-06-10 08:54:57.191944+00:00
5,81,bid,2024-06-10 08:54:57.210214+00:00
3,83,like,2024-06-10 08:54:57.227398+00:00
1,92,bid,2024-06-10 08:54:57.246006+00:00
2,81,view,2024-06-10 08:54:57.268061+00:00
1,88,view,2024-06-10 08:54:57.286756+00:00
3,91,like,2024-06-10 08:54:57.303157+00:00
5,87,like,2024-06-10 08:54:57.331717+00:00
3,80,like,2024-06-10 08:54:57.351411+00:00
18,93,view,2024-06-10 08:54:57.370910+00:00
7,91,bid,2024-06-10 08:54:57.396418+00:00
1,92,bid,2024-06-10 08:54:57.419516+00:00
7,85,view,2024-06-10 08:54:57.437474+00:00
7,85,view,2024-06-10 08:54:57.472006+00:00
1,79,like,2024-06-10 08:54:57.495507+00:00
7,93,like,2024-06-10 08:54:57.519974+00:00
2,90,bid,2024-06-10 08:54:57.543474+00:00
1,91,bid,2024-06-10 08:54:57.565474+00:00
2,80,view,2024-06-10 08:54:57.597974+00:00
3,90,like,2024-06-10 08:54:57.628972+00:00
7,86,like,2024-06-10 08:54:57.653974+00:00
18,84,like,2024-06-10 08:54:57.671972+00:00
27,80,view,2024-06-10 08:54:57.706473+00:00
3,88,bid,2024-06-10 08:54:57.730972+00:00
5,93,view,2024-06-10 08:54:57.753974+00:00
3,85,view,2024-06-10 08:54:57.779973+00:00
3,79,view,2024-06-10 08:54:57.801471+00:00
3,93,view,2024-06-10 08:54:57.819472+00:00
1,90,view,2024-06-10 08:54:57.847973+00:00
3,91,like,2024-06-10 08:54:57.871471+00:00
3,79,like,2024-06-10 08:54:57.895481+00:00
2,92,view,2024-06-10 08:54:57.920003+00:00
1,82,view,2024-06-10 08:54:57.945503+00:00
1,79,bid,2024-06-10 08:54:57.962006+00:00
5,83,bid,2024-06-10 08:54:57.979381+00:00
27,90,like,2024-06-10 08:54:58.005382+00:00
2,79,like,2024-06-10 08:54:58.035383+00:00
27,81,like,2024-06-10 08:54:58.051533+00:00
2,86,view,2024-06-10 08:54:58.070362+00:00
7,88,bid,2024-06-10 08:54:58.102536+00:00
3,84,view,2024-06-10 08:54:58.124346+00:00
18,80,like,2024-06-10 08:54:58.144208+00:00
2,86,view,2024-06-10 08:54:58.173677+00:00
2,90,bid,2024-06-10 08:54:58.195824+00:00
5,79,view,2024-06-10 08:54:58.219103+00:00
7,89,like,2024-06-10 08:54:58.236246+00:00
7,89,bid,2024-06-10 08:54:58.260734+00:00
27,91,bid,2024-06-10 08:54:58.283801+00:00
1,79,view,2024-06-10 08:54:58.302763+00:00
2,83,view,2024-06-10 08:54:58.327950+00:00
27,92,bid,2024-06-10 08:54:58.351601+00:00
27,92,bid,2024-06-10 08:54:58.376563+00:00
5,82,view,2024-06-10 08:54:58.403659+00:00
2,90,like,2024-06-10 08:54:58.426568+00:00
2,89,like,2024-06-10 08:54:58.452067+00:00
5,84,like,2024-06-10 08:54:58.477067+00:00
18,92,bid,2024-06-10 08:54:58.501067+00:00
1,86,like,2024-06-10 08:54:58.520067+00:00
27,82,view,2024-06-10 08:54:58.543568+00:00
18,91,like,2024-06-10 08:54:58.561567+00:00
18,80,bid,2024-06-10 08:54:58.588577+00:00
5,84,bid,2024-06-10 08:54:58.611567+00:00
3,84,bid,2024-06-10 08:54:58.635566+00:00
1,80,view,2024-06-10 08:54:58.657076+00:00
5,90,view,2024-06-10 08:54:58.677071+00:00
1,82,bid,2024-06-10 08:54:58.700066+00:00
27,91,like,2024-06-10 08:54:58.720067+00:00
2,94,like,2024-06-10 08:54:58.747075+00:00
1,87,bid,2024-06-10 08:54:58.770567+00:00
27,87,like,2024-06-10 08:54:58.813066+00:00
7,82,like,2024-06-10 08:54:58.845065+00:00
5,91,bid,2024-06-10 08:54:58.869577+00:00
7,80,view,2024-06-10 08:54:58.892069+00:00
18,79,view,2024-06-10 08:54:58.912066+00:00
18,88,view,2024-06-10 08:54:58.933565+00:00
1,84,view,2024-06-10 08:54:58.953565+00:00
1,85,view,2024-06-10 08:54:58.989077+00:00
3,90,bid,2024-06-10 08:54:59.007566+00:00
2,82,like,2024-06-10 08:54:59.028065+00:00
1,80,like,2024-06-10 08:54:59.048065+00:00
7,90,like,2024-06-10 08:54:59.082065+00:00
18,93,bid,2024-06-10 08:54:59.102565+00:00
5,85,like,2024-06-10 08:54:59.128095+00:00
27,90,bid,2024-06-10 08:54:59.158064+00:00
27,91,like,2024-06-10 08:54:59.182064+00:00
5,94,bid,2024-06-10 08:54:59.206066+00:00
27,83,view,2024-06-10 08:54:59.227564+00:00
2,83,view,2024-06-10 08:54:59.251564+00:00
7,80,like,2024-06-10 08:54:59.267063+00:00
5,94,like,2024-06-10 08:54:59.286564+00:00
1,92,view,2024-06-10 08:54:59.307563+00:00
1,94,like,2024-06-10 08:54:59.325563+00:00
3,85,like,2024-06-10 08:54:59.345564+00:00
7,80,like,2024-06-10 08:54:59.367563+00:00
27,81,bid,2024-06-10 08:54:59.385563+00:00
5,86,like,2024-06-10 08:54:59.403063+00:00
5,79,like,2024-06-10 08:54:59.432070+00:00
5,88,view,2024-06-10 08:54:59.463095+00:00
5,89,like,2024-06-10 08:54:59.485070+00:00
2,88,like,2024-06-10 08:54:59.502063+00:00
2,81,like,2024-06-10 08:54:59.526282+00:00
27,83,bid,2024-06-10 08:54:59.551400+00:00
5,91,view,2024-06-10 08:54:59.567369+00:00
3,81,like,2024-06-10 08:54:59.593798+00:00
5,90,like,2024-06-10 08:54:59.611669+00:00
1,90,like,2024-06-10 08:54:59.635462+00:00
2,87,bid,2024-06-10 08:54:59.660455+00:00
3,79,like,2024-06-10 08:54:59.675490+00:00
1,89,view,2024-06-10 08:54:59.918954+00:00
18,88,view,2024-06-10 08:54:59.939455+00:00
18,94,like,2024-06-10 08:54:59.962955+00:00
7,94,bid,2024-06-10 08:54:59.981955+00:00
7,85,bid,2024-06-10 08:55:00.000455+00:00
27,83,view,2024-06-10 08:55:00.023453+00:00
27,85,view,2024-06-10 08:55:00.044455+00:00
3,80,view,2024-06-10 08:55:00.066455+00:00
18,92,like,2024-06-10 08:55:00.085454+00:00
18,82,like,2024-06-10 08:55:00.109952+00:00
18,81,view,2024-06-10 08:55:00.133954+00:00
27,81,bid,2024-06-10 08:55:00.151954+00:00
3,92,like,2024-06-10 08:55:00.171454+00:00
27,87,view,2024-06-10 08:55:00.194986+00:00
27,82,view,2024-06-10 08:55:00.215953+00:00
7,79,view,2024-06-10 08:55:00.237986+00:00
1,87,like,2024-06-10 08:55:00.259454+00:00
18,93,view,2024-06-10 08:55:00.284952+00:00
1,89,view,2024-06-10 08:55:00.309951+00:00
1,80,view,2024-06-10 08:55:00.336453+00:00
27,91,like,2024-06-10 08:55:00.359953+00:00
5,82,like,2024-06-10 08:55:00.377457+00:00
27,83,bid,2024-06-10 08:55:00.403451+00:00
27,79,like,2024-06-10 08:55:00.427952+00:00
3,80,view,2024-06-10 08:55:00.459953+00:00
2,84,view,2024-06-10 08:55:00.487953+00:00
5,88,view,2024-06-10 08:55:00.503952+00:00
7,81,like,2024-06-10 08:55:00.528452+00:00
27,81,like,2024-06-10 08:55:00.552452+00:00
27,82,bid,2024-06-10 08:55:00.576455+00:00
7,82,bid,2024-06-10 08:55:00.593983+00:00
7,86,like,2024-06-10 08:55:00.617450+00:00
2,86,view,2024-06-10 08:55:00.645950+00:00
1,88,like,2024-06-10 08:55:00.666951+00:00
27,91,view,2024-06-10 08:55:00.689451+00:00
18,83,like,2024-06-10 08:55:00.709950+00:00
18,89,view,2024-06-10 08:55:00.731452+00:00
2,83,like,2024-06-10 08:55:00.751952+00:00
2,87,like,2024-06-10 08:55:00.769950+00:00
2,87,like,2024-06-10 08:55:00.799451+00:00
27,84,bid,2024-06-10 08:55:00.815949+00:00
5,88,like,2024-06-10 08:55:00.838451+00:00
5,87,bid,2024-06-10 08:55:00.857951+00:00
27,87,view,2024-06-10 08:55:00.876451+00:00
1,90,view,2024-06-10 08:55:00.909450+00:00
3,83,like,2024-06-10 08:55:00.938451+00:00
1,93,view,2024-06-10 08:55:00.963449+00:00
2,93,like,2024-06-10 08:55:00.984950+00:00
2,82,bid,2024-06-10 08:55:01.001950+00:00
7,87,bid,2024-06-10 08:55:01.025948+00:00
7,84,bid,2024-06-10 08:55:01.049451+00:00
2,94,view,2024-06-10 08:55:01.067949+00:00
7,89,bid,2024-06-10 08:55:01.083450+00:00
27,90,view,2024-06-10 08:55:01.101449+00:00
3,82,view,2024-06-10 08:55:01.115449+00:00
7,87,bid,2024-06-10 08:55:01.135449+00:00
18,85,view,2024-06-10 08:55:01.164480+00:00
7,87,view,2024-06-10 08:55:01.188494+00:00
2,85,like,2024-06-10 08:55:01.219949+00:00
3,94,like,2024-06-10 08:55:01.242449+00:00
2,86,view,2024-06-10 08:55:01.257449+00:00
7,84,bid,2024-06-10 08:55:01.275448+00:00
1,90,view,2024-06-10 08:55:01.291481+00:00
3,82,bid,2024-06-10 08:55:01.309988+00:00
3,83,like,2024-06-10 08:55:01.323448+00:00
27,87,like,2024-06-10 08:55:01.341448+00:00
18,88,bid,2024-06-10 08:55:01.359448+00:00
18,87,bid,2024-06-10 08:55:01.377447+00:00
3,80,bid,2024-06-10 08:55:01.401956+00:00
7,86,bid,2024-06-10 08:55:01.426449+00:00
27,94,like,2024-06-10 08:55:01.447449+00:00
7,83,bid,2024-06-10 08:55:01.471449+00:00
2,84,bid,2024-06-10 08:55:01.493447+00:00
18,89,like,2024-06-10 08:55:01.517446+00:00
1,90,bid,2024-06-10 08:55:01.541446+00:00
5,94,view,2024-06-10 08:55:01.560446+00:00
27,79,view,2024-06-10 08:55:01.583947+00:00
1,94,bid,2024-06-10 08:55:01.597952+00:00
5,94,view,2024-06-10 08:55:01.615947+00:00
5,79,like,2024-06-10 08:55:01.635447+00:00
5,83,bid,2024-06-10 08:55:01.660953+00:00
5,80,bid,2024-06-10 08:55:01.684948+00:00
5,93,view,2024-06-10 08:55:01.711447+00:00
3,88,like,2024-06-10 08:55:01.742447+00:00
27,82,like,2024-06-10 08:55:01.765946+00:00
3,90,bid,2024-06-10 08:55:01.789446+00:00
27,82,view,2024-06-10 08:55:01.807944+00:00
1,79,like,2024-06-10 08:55:01.835946+00:00
1,91,view,2024-06-10 08:55:01.862446+00:00
5,79,view,2024-06-10 08:55:01.882945+00:00
7,93,like,2024-06-10 08:55:01.911447+00:00
27,79,like,2024-06-10 08:55:01.934945+00:00
3,80,bid,2024-06-10 08:55:01.956446+00:00
3,89,view,2024-06-10 08:55:01.979447+00:00
3,93,bid,2024-06-10 08:55:02.000445+00:00
27,81,like,2024-06-10 08:55:02.015945+00:00
5,80,view,2024-06-10 08:55:02.034944+00:00
5,87,like,2024-06-10 08:55:02.067446+00:00
5,83,like,2024-06-10 08:55:02.083945+00:00
1,91,view,2024-06-10 08:55:02.105444+00:00
18,93,bid,2024-06-10 08:55:02.127476+00:00
27,94,view,2024-06-10 08:55:02.148452+00:00
7,86,like,2024-06-10 08:55:02.168975+00:00
1,87,view,2024-06-10 08:55:02.196445+00:00
3,80,view,2024-06-10 08:55:02.217944+00:00
3,79,like,2024-06-10 08:55:02.242444+00:00
7,93,like,2024-06-10 08:55:02.268445+00:00
2,83,view,2024-06-10 08:55:02.291943+00:00
1,82,view,2024-06-10 08:55:02.316444+00:00
3,85,bid,2024-06-10 08:55:02.340443+00:00
7,84,bid,2024-06-10 08:55:02.363443+00:00
1,94,view,2024-06-10 08:55:02.383944+00:00
3,88,bid,2024-06-10 08:55:02.412443+00:00
1,91,bid,2024-06-10 08:55:02.434944+00:00
1,89,bid,2024-06-10 08:55:02.459443+00:00
7,81,bid,2024-06-10 08:55:02.483443+00:00
1,86,view,2024-06-10 08:55:02.507942+00:00
7,93,bid,2024-06-10 08:55:02.524443+00:00
5,88,bid,2024-06-10 08:55:02.547942+00:00
3,79,view,2024-06-10 08:55:02.565944+00:00
1,87,view,2024-06-10 08:55:02.583443+00:00
2,84,like,2024-06-10 08:55:02.598443+00:00
27,93,bid,2024-06-10 08:55:02.629941+00:00
3,85,view,2024-06-10 08:55:02.651942+00:00
7,83,like,2024-06-10 08:55:02.673440+00:00
1,81,bid,2024-06-10 08:55:02.691940+00:00
7,93,view,2024-06-10 08:55:02.720441+00:00
5,89,bid,2024-06-10 08:55:02.744447+00:00
2,94,like,2024-06-10 08:55:02.766442+00:00
27,79,bid,2024-06-10 08:55:02.791508+00:00
7,93,like,2024-06-10 08:55:02.818424+00:00
2,84,view,2024-06-10 08:55:02.840280+00:00
27,93,view,2024-06-10 08:55:02.857106+00:00
7,94,like,2024-06-10 08:55:02.881640+00:00
7,94,like,2024-06-10 08:55:02.898675+00:00
3,86,view,2024-06-10 08:55:02.918066+00:00
1,84,bid,2024-06-10 08:55:02.939465+00:00
27,90,like,2024-06-10 08:55:02.959830+00:00
18,92,like,2024-06-10 08:55:02.983655+00:00
27,89,view,2024-06-10 08:55:03.007652+00:00
1,93,view,2024-06-10 08:55:03.031581+00:00
1,80,like,2024-06-10 08:55:03.049922+00:00
5,87,like,2024-06-10 08:55:03.073646+00:00
5,81,view,2024-06-10 08:55:03.092146+00:00
2,93,bid,2024-06-10 08:55:03.112053+00:00
7,91,bid,2024-06-10 08:55:03.132095+00:00
27,80,view,2024-06-10 08:55:03.147916+00:00
2,84,bid,2024-06-10 08:55:03.169718+00:00
5,91,view,2024-06-10 08:55:03.189191+00:00
5,87,like,2024-06-10 08:55:03.207517+00:00
1,91,like,2024-06-10 08:55:03.231765+00:00
27,85,view,2024-06-10 08:55:03.249807+00:00
27,85,view,2024-06-10 08:55:03.264155+00:00
18,81,like,2024-06-10 08:55:03.285779+00:00
7,93,bid,2024-06-10 08:55:03.307891+00:00
27,91,bid,2024-06-10 08:55:03.331801+00:00
7,83,bid,2024-06-10 08:55:03.349469+00:00
18,84,view,2024-06-10 08:55:03.367205+00:00
2,83,view,2024-06-10 08:55:03.387510+00:00
2,92,view,2024-06-10 08:55:03.407738+00:00
5,88,view,2024-06-10 08:55:03.427756+00:00
3,85,view,2024-06-10 08:55:03.447266+00:00
5,79,view,2024-06-10 08:55:03.465393+00:00
18,93,like,2024-06-10 08:55:03.481287+00:00
1,83,bid,2024-06-10 08:55:03.499893+00:00
7,82,like,2024-06-10 08:55:03.523893+00:00
27,85,view,2024-06-10 08:55:03.547734+00:00
18,81,bid,2024-06-10 08:55:03.565479+00:00
2,94,bid,2024-06-10 08:55:03.583659+00:00
27,87,bid,2024-06-10 08:55:03.607824+00:00
18,79,view,2024-06-10 08:55:03.641575+00:00
5,88,view,2024-06-10 08:55:03.664075+00:00
27,91,bid,2024-06-10 08:55:03.683214+00:00
3,83,bid,2024-06-10 08:55:03.708302+00:00
27,91,bid,2024-06-10 08:55:03.732747+00:00
7,85,like,2024-06-10 08:55:03.756740+00:00
27,87,like,2024-06-10 08:55:03.775247+00:00
7,84,view,2024-06-10 08:55:03.817241+00:00
5,83,bid,2024-06-10 08:55:03.858741+00:00
18,84,view,2024-06-10 08:55:03.894239+00:00
27,88,like,2024-06-10 08:55:03.917741+00:00
27,93,bid,2024-06-10 08:55:03.956250+00:00
27,84,view,2024-06-10 08:55:03.979755+00:00
7,88,view,2024-06-10 08:55:04.001747+00:00
18,86,bid,2024-06-10 08:55:04.025747+00:00
18,85,bid,2024-06-10 08:55:04.049244+00:00
1,91,bid,2024-06-10 08:55:04.074747+00:00
7,85,like,2024-06-10 08:55:04.102244+00:00
18,88,view,2024-06-10 08:55:04.125247+00:00
5,79,view,2024-06-10 08:55:04.149763+00:00
1,82,bid,2024-06-10 08:55:04.173746+00:00
3,92,view,2024-06-10 08:55:04.200745+00:00
1,81,bid,2024-06-10 08:55:04.223738+00:00
1,81,bid,2024-06-10 08:55:04.250770+00:00
3,94,bid,2024-06-10 08:55:04.282240+00:00
3,85,bid,2024-06-10 08:55:04.305471+00:00
27,89,view,2024-06-10 08:55:04.324116+00:00
3,87,view,2024-06-10 08:55:04.348341+00:00
2,90,like,2024-06-10 08:55:04.365380+00:00
2,92,bid,2024-06-10 08:55:04.383230+00:00
3,90,bid,2024-06-10 08:55:04.407232+00:00
3,82,view,2024-06-10 08:55:04.421732+00:00
27,86,bid,2024-06-10 08:55:04.441888+00:00
7,84,like,2024-06-10 08:55:04.466127+00:00
27,93,view,2024-06-10 08:55:04.490044+00:00
5,84,bid,2024-06-10 08:55:04.513767+00:00
1,84,bid,2024-06-10 08:55:04.531619+00:00
5,84,view,2024-06-10 08:55:04.557116+00:00
3,84,like,2024-06-10 08:55:04.581638+00:00
18,87,view,2024-06-10 08:55:04.597316+00:00
3,82,bid,2024-06-10 08:55:04.621484+00:00
1,80,bid,2024-06-10 08:55:04.639748+00:00
5,83,like,2024-06-10 08:55:04.668224+00:00
5,89,bid,2024-06-10 08:55:04.693185+00:00
27,80,view,2024-06-10 08:55:04.713582+00:00
7,79,bid,2024-06-10 08:55:04.731789+00:00
3,94,view,2024-06-10 08:55:04.752572+00:00
7,90,view,2024-06-10 08:55:04.772106+00:00
5,93,view,2024-06-10 08:55:04.790606+00:00
3,79,like,2024-06-10 08:55:04.813780+00:00
18,82,like,2024-06-10 08:55:04.835278+00:00
7,83,like,2024-06-10 08:55:04.856278+00:00
27,89,like,2024-06-10 08:55:04.883791+00:00
18,81,bid,2024-06-10 08:55:04.905277+00:00
3,80,like,2024-06-10 08:55:04.930819+00:00
7,87,view,2024-06-10 08:55:04.950279+00:00
1,88,view,2024-06-10 08:55:04.974784+00:00
27,84,bid,2024-06-10 08:55:04.999784+00:00
27,85,view,2024-06-10 08:55:05.021808+00:00
1,79,view,2024-06-10 08:55:05.048276+00:00
27,83,like,2024-06-10 08:55:05.072783+00:00
1,85,bid,2024-06-10 08:55:05.097283+00:00
27,80,view,2024-06-10 08:55:05.123808+00:00
3,79,like,2024-06-10 08:55:05.146287+00:00
7,87,view,2024-06-10 08:55:05.167276+00:00
18,88,bid,2024-06-10 08:55:05.407776+00:00
3,81,like,2024-06-10 08:55:05.431776+00:00
27,82,bid,2024-06-10 08:55:05.457776+00:00
1,86,like,2024-06-10 08:55:05.481774+00:00
3,82,view,2024-06-10 08:55:05.505274+00:00
27,89,bid,2024-06-10 08:55:05.529288+00:00
7,85,bid,2024-06-10 08:55:05.547774+00:00
7,81,like,2024-06-10 08:55:05.565808+00:00
3,90,bid,2024-06-10 08:55:05.590275+00:00
18,81,bid,2024-06-10 08:55:05.618273+00:00
5,86,view,2024-06-10 08:55:05.641308+00:00
1,87,like,2024-06-10 08:55:05.668274+00:00
3,87,view,2024-06-10 08:55:05.688773+00:00
18,83,bid,2024-06-10 08:55:05.705774+00:00
18,81,bid,2024-06-10 08:55:05.731773+00:00
27,94,bid,2024-06-10 08:55:05.755773+00:00
1,83,bid,2024-06-10 08:55:05.781274+00:00
3,91,like,2024-06-10 08:55:05.805273+00:00
2,79,bid,2024-06-10 08:55:05.823773+00:00
1,83,bid,2024-06-10 08:55:05.851275+00:00
1,90,like,2024-06-10 08:55:05.871273+00:00
7,93,like,2024-06-10 08:55:05.888273+00:00
1,89,bid,2024-06-10 08:55:05.913273+00:00
5,79,like,2024-06-10 08:55:05.941773+00:00
27,91,like,2024-06-10 08:55:05.963272+00:00
1,86,bid,2024-06-10 08:55:05.987772+00:00
18,79,like,2024-06-10 08:55:06.005772+00:00
3,88,view,2024-06-10 08:55:06.029273+00:00
5,94,like,2024-06-10 08:55:06.046273+00:00
27,90,like,2024-06-10 08:55:06.072272+00:00
1,92,bid,2024-06-10 08:55:06.097772+00:00
2,89,like,2024-06-10 08:55:06.121272+00:00
18,88,like,2024-06-10 08:55:06.146772+00:00
18,88,view,2024-06-10 08:55:06.173771+00:00
3,83,like,2024-06-10 08:55:06.200279+00:00
2,88,like,2024-06-10 08:55:06.225772+00:00
5,94,like,2024-06-10 08:55:06.246271+00:00
27,87,bid,2024-06-10 08:55:06.273772+00:00
2,84,bid,2024-06-10 08:55:06.297771+00:00
5,82,view,2024-06-10 08:55:06.325272+00:00
3,92,view,2024-06-10 08:55:06.351778+00:00
3,92,view,2024-06-10 08:55:06.369778+00:00
27,91,view,2024-06-10 08:55:06.388271+00:00
5,87,like,2024-06-10 08:55:06.413771+00:00
1,93,view,2024-06-10 08:55:06.438771+00:00
7,79,like,2024-06-10 08:55:06.452770+00:00
2,82,bid,2024-06-10 08:55:06.474270+00:00
3,81,like,2024-06-10 08:55:06.497770+00:00
5,91,view,2024-06-10 08:55:06.524770+00:00
3,85,like,2024-06-10 08:55:06.548770+00:00
5,86,like,2024-06-10 08:55:06.571270+00:00
1,80,view,2024-06-10 08:55:06.599770+00:00
18,87,like,2024-06-10 08:55:06.621269+00:00
5,88,bid,2024-06-10 08:55:06.644770+00:00
18,83,like,2024-06-10 08:55:06.666270+00:00
18,82,bid,2024-06-10 08:55:06.691270+00:00
2,79,view,2024-06-10 08:55:06.716276+00:00
5,91,like,2024-06-10 08:55:06.740769+00:00
1,92,like,2024-06-10 08:55:06.763269+00:00
18,83,view,2024-06-10 08:55:06.789770+00:00
7,83,bid,2024-06-10 08:55:06.814269+00:00
1,86,like,2024-06-10 08:55:06.838269+00:00
18,79,bid,2024-06-10 08:55:06.862269+00:00
2,89,view,2024-06-10 08:55:06.877769+00:00
18,92,bid,2024-06-10 08:55:06.898769+00:00
5,93,like,2024-06-10 08:55:06.922268+00:00
7,82,view,2024-06-10 08:55:06.948269+00:00
5,85,bid,2024-06-10 08:55:07.192768+00:00
3,84,view,2024-06-10 08:55:07.215267+00:00
1,80,view,2024-06-10 08:55:07.237766+00:00
7,80,view,2024-06-10 08:55:07.256766+00:00
1,79,bid,2024-06-10 08:55:07.279767+00:00
18,81,like,2024-06-10 08:55:07.300767+00:00
3,92,view,2024-06-10 08:55:07.537876+00:00
27,84,like,2024-06-10 08:55:07.557909+00:00
1,81,view,2024-06-10 08:55:07.581663+00:00
18,79,like,2024-06-10 08:55:07.601634+00:00
3,81,like,2024-06-10 08:55:07.621858+00:00
7,84,like,2024-06-10 08:55:07.640095+00:00
7,80,view,2024-06-10 08:55:07.661750+00:00
5,93,like,2024-06-10 08:55:07.678739+00:00
1,92,like,2024-06-10 08:55:07.695979+00:00
5,93,view,2024-06-10 08:55:07.712013+00:00
7,83,view,2024-06-10 08:55:07.729630+00:00
7,90,bid,2024-06-10 08:55:07.756565+00:00
5,90,like,2024-06-10 08:55:07.779564+00:00
1,81,bid,2024-06-10 08:55:07.803586+00:00
1,80,bid,2024-06-10 08:55:07.827585+00:00
7,85,like,2024-06-10 08:55:07.845445+00:00
2,87,bid,2024-06-10 08:55:07.873463+00:00
27,87,view,2024-06-10 08:55:07.895620+00:00
3,82,like,2024-06-10 08:55:07.912609+00:00
5,80,bid,2024-06-10 08:55:07.929757+00:00
18,81,bid,2024-06-10 08:55:07.947768+00:00
27,91,like,2024-06-10 08:55:07.971420+00:00
7,94,bid,2024-06-10 08:55:07.990139+00:00
3,79,view,2024-06-10 08:55:08.014640+00:00
5,93,bid,2024-06-10 08:55:08.038139+00:00
3,86,bid,2024-06-10 08:55:08.060140+00:00
2,92,view,2024-06-10 08:55:08.080139+00:00
1,88,view,2024-06-10 08:55:08.105640+00:00
7,85,view,2024-06-10 08:55:08.128139+00:00
3,79,view,2024-06-10 08:55:08.149639+00:00
18,88,like,2024-06-10 08:55:08.169639+00:00
27,91,bid,2024-06-10 08:55:08.195145+00:00
27,92,view,2024-06-10 08:55:08.210151+00:00
1,85,like,2024-06-10 08:55:08.228448+00:00
5,92,like,2024-06-10 08:55:08.246503+00:00
18,93,bid,2024-06-10 08:55:08.270310+00:00
1,80,view,2024-06-10 08:55:08.288699+00:00
7,86,view,2024-06-10 08:55:08.313362+00:00
2,80,like,2024-06-10 08:55:08.342049+00:00
27,91,like,2024-06-10 08:55:08.363523+00:00
3,91,bid,2024-06-10 08:55:08.386412+00:00
5,86,like,2024-06-10 08:55:08.404880+00:00
7,90,bid,2024-06-10 08:55:08.428051+00:00
3,93,like,2024-06-10 08:55:08.445558+00:00
7,89,view,2024-06-10 08:55:08.464064+00:00
27,90,bid,2024-06-10 08:55:08.488057+00:00
1,89,view,2024-06-10 08:55:08.520086+00:00
2,81,like,2024-06-10 08:55:08.537551+00:00
5,90,view,2024-06-10 08:55:08.564557+00:00
5,86,view,2024-06-10 08:55:08.593083+00:00
27,90,view,2024-06-10 08:55:08.613550+00:00
1,80,view,2024-06-10 08:55:08.636049+00:00
18,94,view,2024-06-10 08:55:08.675082+00:00
18,83,view,2024-06-10 08:55:08.694549+00:00
2,79,like,2024-06-10 08:55:08.712556+00:00
5,89,like,2024-06-10 08:55:08.740556+00:00
2,92,bid,2024-06-10 08:55:08.759549+00:00
3,79,bid,2024-06-10 08:55:08.783066+00:00
1,93,bid,2024-06-10 08:55:08.801565+00:00
3,93,view,2024-06-10 08:55:08.818597+00:00
3,83,view,2024-06-10 08:55:08.845566+00:00
18,93,like,2024-06-10 08:55:08.871607+00:00
7,93,like,2024-06-10 08:55:08.923097+00:00
1,92,like,2024-06-10 08:55:08.945596+00:00
18,79,like,2024-06-10 08:55:08.969566+00:00
3,81,like,2024-06-10 08:55:08.985565+00:00
7,84,like,2024-06-10 08:55:09.011593+00:00
2,87,like,2024-06-10 08:55:09.036313+00:00
5,94,like,2024-06-10 08:55:09.052627+00:00
5,96,view,2024-06-20 02:29:22.295682+00:00
5,84,view,2024-06-20 02:29:30.194415+00:00
5,80,view,2024-06-20 02:29:41.871569+00:00
5,82,view,2024-06-20 02:29:46.265050+00:00
5,96,view,2024-06-20 02:41:22.938834+00:00
2,81,view,2024-06-21 04:06:42.802508+00:00
2,81,like,2024-06-21 04:39:24.778628+00:00
2,88,view,2024-06-21 07:11:03.639362+00:00
3,80,view,2024-06-21 09:05:41.327774+00:00
1,84,view,2024-06-22 04:20:19.155791+00:00
2,100,view,2024-06-22 04:49:45.777258+00:00
2,81,view,2024-06-22 05:02:26.890598+00:00
2,82,view,2024-06-22 05:08:50.974665+00:00
2,88,view,2024-06-22 05:08:59.880667+00:00
2,87,view,2024-06-22 05:09:03.710170+00:00
1,83,view,2024-06-22 05:09:21.248460+00:00
1,82,view,2024-06-22 05:09:29.135818+00:00
2,84,view,2024-06-22 05:09:23.453165+00:00
2,84,view,2024-06-22 05:09:30.482167+00:00
1,82,view,2024-06-22 05:10:03.163760+00:00
1,88,view,2024-06-22 05:10:12.270182+00:00
1,88,view,2024-06-22 05:10:39.719468+00:00
1,84,view,2024-06-22 05:11:17.448780+00:00
1,89,view,2024-06-22 05:13:18.682427+00:00
1,81,view,2024-06-22 05:13:21.265205+00:00
1,87,view,2024-06-22 05:13:26.520714+00:00
2,82,view,2024-06-22 05:13:41.330755+00:00
2,82,view,2024-06-22 05:13:58.407538+00:00
2,82,view,2024-06-22 05:14:01.937538+00:00
1,83,view,2024-06-22 06:08:54.203004+00:00
5,84,view,2024-06-22 12:53:32.672570+00:00
5,84,view,2024-06-24 00:17:55.945094+00:00
5,82,view,2024-06-24 00:20:33.384094+00:00
5,88,view,2024-06-24 00:20:35.397593+00:00
5,87,view,2024-06-24 00:20:39.379093+00:00
5,84,view,2024-06-24 00:48:26.259359+00:00
